
                  
                  <email>mohankrishna176@gmail.com</email>
                  <firstname>Krishna</firstname>
                  <lastname>Mohan</lastname>
                  <dob>1994-05-19</dob>
                  <addresses>
                     <item>
                        <region>
                           <regionCode>KA</regionCode>
                           <region>Karnataka</region>
                        </region>
                        <countryId>IN</countryId>
                        <street>
                           <item>#55, 1 st Main Road</item>
                        </street>
                        <telephone>+91 9876543210</telephone>
                        <postcode>560023</postcode>
                        <city>Bengaluru</city>
                        <firstname>Krishna</firstname>
                        <lastname>Mohan</lastname>
                        <defaultShipping>true</defaultShipping>
                        <defaultBilling>true</defaultBilling>
                     </item>
                  </addresses>